round,case_id,data_type,grid_type,grid_level,partition_execution_sec,end_to_end_sec,ray_job_sec,queue_wait_sec,driver_wait_sec,worker_scope_max_sec,active_partition_job_count,cold_start_gate_valid,source_checksum_verified,threshold_scope,worker_timing_present,final_status,attempt_status,ray_job_status,valid_sample,outlier,excluded_reason,raw_passed
round_1,optical_geohash,optical,geohash,4,41.126515,43.864876,44.479,2.702956,40.196025,0.165616,0,True,True,both,True,completed,succeeded,SUCCEEDED,True,True,remote_worker_dispatch_tail:driver_wait>10s_and_worker_scope<6s,False
round_1,optical_mgrs,optical,mgrs,1,3.223862,5.473795,6.441,2.218542,1.659878,0.47001,0,True,True,both,True,completed,succeeded,SUCCEEDED,True,False,,True
round_1,optical_isea4h,optical,isea4h,6,65.571506,68.259884,69.272,2.658321,47.711344,8.114699,0,True,True,both,True,completed,succeeded,SUCCEEDED,True,False,,False
round_1,radar_geohash,radar,geohash,4,6.040769,9.288527,10.25,3.21879,4.055734,0.4958,0,True,True,both,True,completed,succeeded,SUCCEEDED,True,False,,True
round_1,radar_mgrs,radar,mgrs,1,3.543015,5.817488,6.762,2.243423,1.540078,0.360059,0,True,True,both,True,completed,succeeded,SUCCEEDED,True,False,,True
round_1,radar_isea4h,radar,isea4h,6,14.043696,16.342491,17.27,2.269459,9.298351,6.723842,0,True,True,both,True,completed,succeeded,SUCCEEDED,True,False,,False
round_1,product_geohash,product,geohash,4,1.951139,4.29274,4.969,2.313237,1.355025,0.164124,0,True,True,both,True,completed,succeeded,SUCCEEDED,True,False,,True
round_1,product_mgrs,product,mgrs,1,2.339295,4.605953,5.527,2.239782,1.727976,0.569902,0,True,True,both,True,completed,succeeded,SUCCEEDED,True,False,,True
round_1,product_isea4h,product,isea4h,6,12.427219,15.308879,15.78,2.418827,11.888542,9.569395,0,True,True,both,True,completed,succeeded,SUCCEEDED,True,False,,False
round_1,carbon_isea4h,carbon,isea4h,6,2.372387,4.620378,5.525,2.209828,1.670632,0.239892,0,True,True,both,True,completed,succeeded,SUCCEEDED,True,False,,True
round_2,optical_geohash,optical,geohash,4,3.676624,5.910886,6.824,2.204014,1.431237,0.198817,0,True,True,both,True,completed,succeeded,SUCCEEDED,True,False,,True
round_2,optical_mgrs,optical,mgrs,1,4.681196,7.280295,8.179,2.570104,1.663638,0.457203,0,True,True,both,True,completed,succeeded,SUCCEEDED,True,False,,True
round_2,optical_isea4h,optical,isea4h,6,67.179935,70.447319,70.447,2.370903,31.486552,7.056625,0,True,True,both,True,completed,succeeded,SUCCEEDED,True,False,,False
round_2,radar_geohash,radar,geohash,4,3.532222,5.876777,6.656,2.312192,1.666346,0.170841,0,True,True,both,True,completed,succeeded,SUCCEEDED,True,False,,True
round_2,radar_mgrs,radar,mgrs,1,3.433146,5.766994,6.645,2.300981,1.440426,0.231978,0,True,True,both,True,completed,succeeded,SUCCEEDED,True,False,,True
round_2,radar_isea4h,radar,isea4h,6,11.005278,13.297044,14.181,2.261072,8.428245,6.951679,0,True,True,both,True,completed,succeeded,SUCCEEDED,True,False,,False
round_2,product_geohash,product,geohash,4,1.940719,4.867609,5.181,2.317026,1.386634,0.170735,0,True,True,both,True,completed,succeeded,SUCCEEDED,True,False,,True
round_2,product_mgrs,product,mgrs,1,2.928797,5.269216,6.198,2.314123,1.828967,0.585724,0,True,True,both,True,completed,succeeded,SUCCEEDED,True,False,,True
round_2,product_isea4h,product,isea4h,6,9.310589,12.3964,12.433,2.490519,8.768194,7.229799,0,True,True,both,True,completed,succeeded,SUCCEEDED,True,False,,False
round_2,carbon_isea4h,carbon,isea4h,6,2.20503,4.543851,5.462,2.310394,1.708281,0.256319,0,True,True,both,True,completed,succeeded,SUCCEEDED,True,False,,True
round_3,optical_geohash,optical,geohash,4,6.092055,8.325276,9.226,2.204927,1.398019,0.165208,0,True,True,both,True,completed,succeeded,SUCCEEDED,True,False,,True
round_3,optical_mgrs,optical,mgrs,1,8.838198,11.337565,11.929,2.190948,4.436884,3.223765,0,True,True,both,True,completed,succeeded,SUCCEEDED,True,False,,False
round_3,optical_isea4h,optical,isea4h,6,18.925691,22.722638,22.066,2.783552,9.2105,6.890757,0,True,True,both,True,completed,succeeded,SUCCEEDED,True,False,,False
round_3,radar_geohash,radar,geohash,4,3.704745,6.019142,6.994,2.287513,1.769627,0.204866,0,True,True,both,True,completed,succeeded,SUCCEEDED,True,False,,True
round_3,radar_mgrs,radar,mgrs,1,3.405144,5.670289,6.551,2.236691,1.429248,0.218705,0,True,True,both,True,completed,succeeded,SUCCEEDED,True,False,,True
round_3,radar_isea4h,radar,isea4h,6,11.440267,13.729892,14.556,2.247153,8.172949,6.249006,0,True,True,both,True,completed,succeeded,SUCCEEDED,True,False,,False
round_3,product_geohash,product,geohash,4,1.888526,4.18157,5.022,2.265755,1.345472,0.163393,0,True,True,both,True,completed,succeeded,SUCCEEDED,True,False,,True
round_3,product_mgrs,product,mgrs,1,2.392589,4.676225,5.569,2.257034,1.772857,0.573005,0,True,True,both,True,completed,succeeded,SUCCEEDED,True,False,,True
round_3,product_isea4h,product,isea4h,6,9.450242,12.290974,13.075,2.740708,8.586852,6.739127,0,True,True,both,True,completed,succeeded,SUCCEEDED,True,False,,False
round_3,carbon_isea4h,carbon,isea4h,6,2.194628,4.495066,5.184,2.272195,1.686554,0.248072,0,True,True,both,True,completed,succeeded,SUCCEEDED,True,False,,True
round_4,optical_geohash,optical,geohash,4,4.834655,7.381451,7.951,2.223198,1.407888,0.16573,0,True,True,both,True,completed,succeeded,SUCCEEDED,True,False,,True
round_4,optical_mgrs,optical,mgrs,1,4.894323,7.545528,8.144,2.596592,1.672537,0.496224,0,True,True,both,True,completed,succeeded,SUCCEEDED,True,False,,True
round_4,optical_isea4h,optical,isea4h,6,19.388147,23.174321,22.85,2.793148,9.162386,7.347308,0,True,True,both,True,completed,succeeded,SUCCEEDED,True,False,,False
round_4,radar_geohash,radar,geohash,4,3.677516,5.955843,6.853,2.247107,1.742648,0.183248,0,True,True,both,True,completed,succeeded,SUCCEEDED,True,False,,True
round_4,radar_mgrs,radar,mgrs,1,3.684809,5.976295,6.864,2.263012,1.605459,0.3688,0,True,True,both,True,completed,succeeded,SUCCEEDED,True,False,,True
round_4,radar_isea4h,radar,isea4h,6,11.578135,13.93683,14.626,2.328734,8.217507,6.616289,0,True,True,both,True,completed,succeeded,SUCCEEDED,True,False,,False
round_4,product_geohash,product,geohash,4,1.916671,4.192623,5.156,2.248395,1.381676,0.164307,0,True,True,both,True,completed,succeeded,SUCCEEDED,True,False,,True
round_4,product_mgrs,product,mgrs,1,2.498457,4.809113,5.779,2.283835,1.822672,0.597652,0,True,True,both,True,completed,succeeded,SUCCEEDED,True,False,,True
round_4,product_isea4h,product,isea4h,6,9.216442,12.002609,12.509,2.539438,8.641341,7.113574,0,True,True,both,True,completed,succeeded,SUCCEEDED,True,False,,False
round_4,carbon_isea4h,carbon,isea4h,6,2.258976,4.582801,5.489,2.293072,1.708621,0.255575,0,True,True,both,True,completed,succeeded,SUCCEEDED,True,False,,True
round_5,optical_geohash,optical,geohash,4,7.492172,9.838381,10.796,2.299242,3.892895,2.616728,0,True,True,both,True,completed,succeeded,SUCCEEDED,True,False,,True
round_5,optical_mgrs,optical,mgrs,1,7.523816,9.812621,10.762,2.257448,1.70173,0.471736,0,True,True,both,True,completed,succeeded,SUCCEEDED,True,False,,True
round_5,optical_isea4h,optical,isea4h,6,21.703845,24.651195,24.894,2.710256,9.314541,6.896776,0,True,True,both,True,completed,succeeded,SUCCEEDED,True,False,,False
round_5,radar_geohash,radar,geohash,4,3.432153,5.728035,6.651,2.263826,1.444489,0.239193,0,True,True,both,True,completed,succeeded,SUCCEEDED,True,False,,True
round_5,radar_mgrs,radar,mgrs,1,3.608324,6.010486,6.849,2.367517,1.427524,0.215844,0,True,True,both,True,completed,succeeded,SUCCEEDED,True,False,,True
round_5,radar_isea4h,radar,isea4h,6,14.766107,17.165644,18.027,2.311699,11.040901,9.284886,0,True,True,both,True,completed,succeeded,SUCCEEDED,True,False,,False
round_5,product_geohash,product,geohash,4,1.979459,5.248654,6.24,3.241348,1.425686,0.167236,0,True,True,both,True,completed,succeeded,SUCCEEDED,True,False,,True
round_5,product_mgrs,product,mgrs,1,2.411939,4.798569,5.701,2.354482,1.770524,0.58613,0,True,True,both,True,completed,succeeded,SUCCEEDED,True,False,,True
round_5,product_isea4h,product,isea4h,6,11.389244,13.878671,14.78,2.452558,10.554035,8.186599,0,True,True,both,True,completed,succeeded,SUCCEEDED,True,False,,False
round_5,carbon_isea4h,carbon,isea4h,6,2.191289,4.47647,5.158,2.255499,1.674163,0.170972,0,True,True,both,True,completed,succeeded,SUCCEEDED,True,False,,True
